{"cameraMode":{"drawMode":0,"name":"Shaded","section":"Shading Mode"},"sceneLighting":true,"audioPlay":false,"sceneViewState":{"showFog":true,"showMaterialUpdate":false,"showSkybox":true,"showFlares":true,"showImageEffects":true,"showParticleSystems":true,"showVisualEffectGraphs":true,"m_FxEnabled":true},"in2DMode":false,"pivot":{"x":-0.04265487194061279,"y":-0.08175799250602722,"z":0.017789363861083986},"rotation":{"x":0.01318611204624176,"y":0.02609199471771717,"z":0.00034696797956712544,"w":-0.9995760917663574},"size":1.4111913442611695,"orthographic":true}