{"cameraMode":{"drawMode":0,"name":"Shaded","section":"Shading Mode"},"sceneLighting":true,"audioPlay":false,"sceneViewState":{"showFog":true,"showMaterialUpdate":false,"showSkybox":true,"showFlares":true,"showImageEffects":true,"showParticleSystems":true,"showVisualEffectGraphs":true,"m_FxEnabled":true},"in2DMode":false,"pivot":{"x":-0.8753564357757568,"y":1.7852391004562379,"z":-0.07167387008666992},"rotation":{"x":-0.11683433502912522,"y":-0.058959346264600757,"z":0.006950879003852606,"w":-0.9913786053657532},"size":7.593332290649414,"orthographic":true}